Numbering,Medical Advices
1,Drink plenty of water to stay hydrated and healthy.
2,Exercise regularly to keep your body and mind fit.
3,Get enough sleep to help your body repair and rejuvenate.
4,Eat a balanced diet rich in fruits and vegetables.
5,Avoid smoking to reduce your risk of chronic diseases.
6,Limit your intake of sugary foods and beverages.
7,Manage stress through relaxation techniques like meditation or yoga.
8,Wash your hands frequently to prevent the spread of germs.
9,Protect your skin by wearing sunscreen when outdoors.
10,Maintain a healthy weight to lower your risk of health problems.
11,Visit your doctor for regular check-ups and screenings.
12,Wear a seatbelt every time you drive or ride in a car.
13,Practice safe sex to protect yourself and your partner.
14,Avoid excessive alcohol consumption.
15,Keep your vaccinations up to date.
16,Take breaks and move around if you sit for long periods.
17,Eat plenty of fiber to aid digestion and prevent constipation.
18,Brush and floss your teeth daily to maintain oral health.
19,Avoid processed foods and opt for whole foods instead.
20,Stay connected with friends and family for mental well-being.
21,Get outdoors and enjoy some fresh air and sunlight.
22,Listen to your body and rest when you need to.
23,Practice good posture to avoid back and neck pain.
24,Limit your screen time to reduce eye strain and fatigue.
25,"Stay active throughout the day, even with small activities."
26,Eat breakfast every day to kickstart your metabolism.
27,Reduce your salt intake to help manage blood pressure.
28,Take time for hobbies and activities you enjoy.
29,Keep your living environment clean and organized.
30,Cook meals at home to control ingredients and portions.
31,Avoid using your phone before bed to improve sleep quality.
32,Use proper lifting techniques to prevent injuries.
33,Stay informed about health topics that affect you.
34,Wear appropriate protective gear during sports and activities.
35,Incorporate strength training into your exercise routine.
36,Eat fish rich in omega-3 fatty acids for heart health.
37,Limit your caffeine intake to avoid jitters and insomnia.
38,Stretch regularly to maintain flexibility and prevent injuries.
39,Avoid skipping meals to maintain stable blood sugar levels.
40,Take a multivitamin if your diet lacks essential nutrients.
41,Practice deep breathing exercises to reduce anxiety.
42,Stay away from fad diets and focus on sustainable eating habits.
43,Use ergonomic furniture and equipment for a healthy workspace.
44,Get regular eye exams to monitor and maintain vision health.
45,Incorporate probiotic-rich foods into your diet for gut health.
46,Avoid excessive sun exposure and use protective clothing.
47,Stay informed about your family's medical history.
48,Seek professional help if you're struggling with mental health.
49,Set realistic health goals and track your progress.
50,Practice gratitude and positive thinking for overall well-being.
